{"cameraMode":{"drawMode":0,"name":"Shaded","section":"Shading Mode"},"sceneLighting":false,"audioPlay":false,"sceneViewState":{"showFog":false,"showMaterialUpdate":true,"showSkybox":true,"showFlares":false,"showImageEffects":false,"showParticleSystems":false},"in2DMode":false,"pivot":{"x":-489.8526611328125,"y":5.0595703125,"z":-78.27674865722656},"rotation":{"x":-0.13058561086654664,"y":0.04608435183763504,"z":0.006076647434383631,"w":0.9903468489646912},"size":15724.46875,"orthographic":false}